gas_ppm,accel_g,duration_sec,label,risk_score,risk_level
160.87,1.01,0,normal,0.61,LOW
737.12,1.01,8,warning_gas,43.73,MEDIUM
466.83,1.04,7,warning_gas,29.31,LOW
138.53,1.0,0,normal,0.0,LOW
127.51,1.01,0,normal,0.1,LOW
168.71,0.98,0,normal,1.08,LOW
130.21,0.97,0,normal,0.3,LOW
131.85,1.03,0,normal,0.3,LOW
137.01,3.29,5,warning_fall,32.9,MEDIUM
134.33,1.05,0,normal,0.5,LOW
726.17,1.03,1,warning_gas,29.41,LOW
151.74,0.98,0,normal,0.28,LOW
166.46,0.98,0,normal,0.97,LOW
718.12,3.2,10,critical,68.74,MEDIUM
160.24,2.95,3,warning_fall,25.98,LOW
125.2,4.77,3,warning_fall,43.7,MEDIUM
152.27,1.02,0,normal,0.31,LOW
150.6,3.49,3,warning_fall,30.93,MEDIUM
490.65,0.98,1,warning_gas,18.23,LOW
147.4,1.01,0,normal,0.1,LOW
137.92,0.95,0,normal,0.5,LOW
155.53,1.0,0,normal,0.26,LOW
159.96,1.01,0,normal,0.57,LOW
150.96,1.0,0,normal,0.05,LOW
161.42,0.99,0,normal,0.64,LOW
162.68,0.98,0,normal,0.8,LOW
141.59,0.98,0,normal,0.2,LOW
743.13,3.99,6,critical,69.81,MEDIUM
145.9,2.82,2,warning_fall,22.2,LOW
162.73,3.52,4,warning_fall,33.8,MEDIUM
121.04,1.02,0,normal,0.2,LOW
125.38,0.99,0,normal,0.1,LOW
159.43,1.02,0,normal,0.64,LOW
122.34,1.04,0,normal,0.4,LOW
150.49,1.0,0,normal,0.02,LOW
151.16,1.04,0,normal,0.45,LOW
142.5,1.05,0,normal,0.5,LOW
153.64,0.98,0,normal,0.37,LOW
136.61,4.08,3,warning_fall,36.8,MEDIUM
169.51,1.02,0,normal,1.12,LOW
162.48,1.02,0,normal,0.79,LOW
155.92,1.0,0,normal,0.28,LOW
166.51,1.06,0,normal,1.38,LOW
692.95,3.72,4,critical,60.75,MEDIUM
162.59,1.02,0,normal,0.79,LOW
138.0,0.93,0,normal,0.7,LOW
165.44,3.16,3,warning_fall,28.33,LOW
131.56,1.03,0,normal,0.3,LOW
148.89,1.02,0,normal,0.2,LOW
789.22,0.99,5,warning_gas,40.18,MEDIUM
150.37,1.03,0,normal,0.32,LOW
184.99,4.12,1,warning_fall,34.85,MEDIUM
148.81,1.04,0,normal,0.4,LOW
120.43,1.01,0,normal,0.1,LOW
121.51,1.02,0,normal,0.2,LOW
137.97,1.01,0,normal,0.1,LOW
164.52,0.99,0,normal,0.78,LOW
140.73,1.01,0,normal,0.1,LOW
112.65,0.97,0,normal,0.3,LOW
723.51,1.06,4,warning_gas,35.59,MEDIUM
167.99,1.05,0,normal,1.35,LOW
170.62,0.97,0,normal,1.27,LOW
160.6,0.98,0,normal,0.7,LOW
227.05,1.06,0,normal,4.23,LOW
158.27,1.02,0,normal,0.59,LOW
128.38,1.06,0,normal,0.6,LOW
149.34,1.0,0,normal,0.0,LOW
155.3,3.13,3,warning_fall,27.55,LOW
157.23,1.02,0,normal,0.54,LOW
178.83,0.97,0,normal,1.66,LOW
153.49,0.99,0,normal,0.26,LOW
132.77,1.01,0,normal,0.1,LOW
151.43,1.01,0,normal,0.17,LOW
508.61,0.99,6,warning_gas,28.98,LOW
138.21,0.99,0,normal,0.1,LOW
137.55,1.0,0,normal,0.0,LOW
144.62,1.02,0,normal,0.2,LOW
153.94,1.03,0,normal,0.49,LOW
132.88,0.94,0,normal,0.6,LOW
138.17,1.02,0,normal,0.2,LOW
175.43,1.05,0,normal,1.7,LOW
148.56,1.0,0,normal,0.0,LOW
159.24,0.94,0,normal,1.03,LOW
170.07,1.05,0,normal,1.44,LOW
156.48,0.99,0,normal,0.4,LOW
157.42,1.01,0,normal,0.45,LOW
929.01,3.6,11,critical,82.66,CRITICAL
513.13,1.01,2,warning_gas,21.19,LOW
800.67,0.96,2,warning_gas,35.02,MEDIUM
165.83,1.0,0,normal,0.74,LOW
107.52,0.99,0,normal,0.1,LOW
169.1,0.94,0,normal,1.5,LOW
136.75,1.02,0,normal,0.2,LOW
140.29,0.99,0,normal,0.1,LOW
512.22,0.97,6,warning_gas,29.35,LOW
182.57,1.04,0,normal,1.93,LOW
849.78,0.97,6,warning_gas,45.23,MEDIUM
139.4,1.0,0,normal,0.0,LOW
126.08,1.0,0,normal,0.0,LOW
708.36,0.97,3,warning_gas,32.58,MEDIUM
738.26,0.99,1,warning_gas,29.78,LOW
179.51,1.01,0,normal,1.49,LOW
180.43,3.2,2,warning_fall,27.43,LOW
175.34,1.01,0,normal,1.29,LOW
116.9,0.99,0,normal,0.1,LOW
145.09,1.03,0,normal,0.3,LOW
156.75,1.04,0,normal,0.72,LOW
644.4,3.11,10,critical,64.37,MEDIUM
145.09,1.02,0,normal,0.2,LOW
171.52,2.77,3,warning_fall,24.71,LOW
155.19,1.03,0,normal,0.54,LOW
435.67,1.04,6,warning_gas,25.84,LOW
841.4,4.37,9,critical,84.24,CRITICAL
740.77,0.99,2,warning_gas,31.9,MEDIUM
168.31,1.03,0,normal,1.16,LOW
144.61,1.05,0,normal,0.5,LOW
145.53,1.02,0,normal,0.2,LOW
762.04,4.58,8,critical,80.6,CRITICAL
136.96,0.98,0,normal,0.2,LOW
157.14,0.97,0,normal,0.64,LOW
147.89,2.66,1,warning_fall,18.6,LOW
177.37,0.97,0,normal,1.59,LOW
610.07,0.95,2,warning_gas,26.15,LOW
131.46,1.02,0,normal,0.2,LOW
153.73,1.02,0,normal,0.38,LOW
141.58,1.0,0,normal,0.0,LOW
195.41,1.03,0,normal,2.44,LOW
163.39,1.0,0,normal,0.63,LOW
162.84,3.2,3,warning_fall,28.6,LOW
926.94,0.99,4,warning_gas,44.66,MEDIUM
157.55,1.01,0,normal,0.46,LOW
913.21,0.98,6,warning_gas,48.12,MEDIUM
125.04,1.04,0,normal,0.4,LOW
873.05,4.52,8,critical,85.23,CRITICAL
131.91,1.07,0,normal,0.7,LOW
168.63,1.08,0,normal,1.68,LOW
165.82,0.98,0,normal,0.94,LOW
165.18,1.01,0,normal,0.81,LOW
152.22,0.99,0,normal,0.2,LOW
149.28,1.02,0,normal,0.2,LOW
120.43,1.02,0,normal,0.2,LOW
136.93,0.98,0,normal,0.2,LOW
932.67,0.91,1,warning_gas,39.73,MEDIUM
163.24,1.01,0,normal,0.72,LOW
146.31,3.44,3,warning_fall,30.4,MEDIUM
152.07,3.55,1,warning_fall,27.6,LOW
887.41,1.0,8,warning_gas,50.7,MEDIUM
125.99,1.06,0,normal,0.6,LOW
753.28,1.0,7,warning_gas,42.39,MEDIUM
161.9,0.98,0,normal,0.76,LOW
119.94,1.04,0,normal,0.4,LOW
126.17,0.98,0,normal,0.2,LOW
971.69,3.63,8,critical,80.97,CRITICAL
114.83,1.01,0,normal,0.1,LOW
173.14,3.12,1,warning_fall,24.29,LOW
136.01,0.96,0,normal,0.4,LOW
145.96,0.98,0,normal,0.2,LOW
124.98,0.97,0,normal,0.3,LOW
140.42,0.98,0,normal,0.2,LOW
144.87,2.83,3,warning_fall,24.3,LOW
139.8,1.0,0,normal,0.0,LOW
862.39,1.02,4,warning_gas,41.72,MEDIUM
163.92,0.99,0,normal,0.76,LOW
186.98,0.96,0,normal,2.14,LOW
173.27,4.05,4,warning_fall,39.6,MEDIUM
96.98,0.99,0,normal,0.1,LOW
166.26,0.98,0,normal,0.97,LOW
158.89,0.98,0,normal,0.62,LOW
176.11,1.05,0,normal,1.73,LOW
145.65,1.04,0,normal,0.4,LOW
180.65,0.91,0,normal,2.34,LOW
172.39,0.97,0,normal,1.35,LOW
111.62,0.99,0,normal,0.1,LOW
955.46,4.41,9,critical,90.0,CRITICAL
137.07,0.97,0,normal,0.3,LOW
158.03,0.95,0,normal,0.88,LOW
119.61,1.0,0,normal,0.0,LOW
165.49,1.01,0,normal,0.83,LOW
579.81,1.0,1,warning_gas,22.23,LOW
185.05,1.03,0,normal,1.95,LOW
180.46,0.95,0,normal,1.93,LOW
174.92,0.99,0,normal,1.27,LOW
153.67,0.99,0,normal,0.27,LOW
117.45,1.0,0,normal,0.0,LOW
521.34,0.98,1,warning_gas,19.67,LOW
143.56,0.97,0,normal,0.3,LOW
129.95,0.98,0,normal,0.2,LOW
141.98,0.97,0,normal,0.3,LOW
173.52,4.72,5,warning_fall,48.31,MEDIUM
538.73,1.02,8,warning_gas,34.49,MEDIUM
151.17,3.94,1,warning_fall,31.46,MEDIUM
842.74,1.03,1,warning_gas,34.9,MEDIUM
150.28,0.98,0,normal,0.21,LOW
127.14,0.98,0,normal,0.2,LOW
163.03,1.05,0,normal,1.11,LOW
152.41,0.98,0,normal,0.31,LOW
151.52,1.01,0,normal,0.17,LOW
160.3,1.02,0,normal,0.68,LOW
127.49,1.02,0,normal,0.2,LOW
151.84,1.0,0,normal,0.09,LOW
144.17,0.98,0,normal,0.2,LOW
150.95,1.05,0,normal,0.54,LOW
143.81,1.01,0,normal,0.1,LOW
141.35,1.01,0,normal,0.1,LOW
831.69,1.01,6,warning_gas,44.18,MEDIUM
144.6,1.03,0,normal,0.3,LOW
158.26,0.99,0,normal,0.49,LOW
142.02,4.7,5,warning_fall,47.0,MEDIUM
160.78,1.01,0,normal,0.61,LOW
718.99,1.0,7,warning_gas,40.78,MEDIUM
177.12,0.98,0,normal,1.48,LOW
176.14,1.02,0,normal,1.43,LOW
180.63,4.71,2,warning_fall,42.54,MEDIUM
731.92,1.01,4,warning_gas,35.48,MEDIUM
151.18,0.92,0,normal,0.86,LOW
132.05,0.95,0,normal,0.5,LOW
135.74,1.04,0,normal,0.4,LOW
158.1,1.01,0,normal,0.48,LOW
204.62,3.38,3,warning_fall,32.37,MEDIUM
445.19,1.06,4,warning_gas,22.49,LOW
152.35,1.01,0,normal,0.21,LOW
604.69,0.97,2,warning_gas,25.7,LOW
712.4,3.54,8,critical,67.87,MEDIUM
114.74,0.96,0,normal,0.4,LOW
145.6,3.89,3,warning_fall,34.9,MEDIUM
162.95,0.98,0,normal,0.81,LOW
100.57,0.98,0,normal,0.2,LOW
156.22,0.98,0,normal,0.49,LOW
171.69,2.56,3,warning_fall,22.62,LOW
132.79,1.05,0,normal,0.5,LOW
140.58,0.99,0,normal,0.1,LOW
628.71,4.93,8,critical,77.83,CRITICAL
130.89,1.04,0,normal,0.4,LOW
105.78,1.0,0,normal,0.0,LOW
128.85,0.95,0,normal,0.5,LOW
187.05,0.97,0,normal,2.04,LOW
154.33,1.06,0,normal,0.8,LOW
982.05,4.02,6,critical,81.36,CRITICAL
154.28,1.03,0,normal,0.5,LOW
136.46,1.02,0,normal,0.2,LOW
180.46,0.96,0,normal,1.83,LOW
122.45,1.01,0,normal,0.1,LOW
138.46,0.99,0,normal,0.1,LOW
511.36,0.98,3,warning_gas,23.21,LOW
175.55,1.03,0,normal,1.5,LOW
148.51,0.97,0,normal,0.3,LOW
126.33,1.01,0,normal,0.1,LOW
144.02,0.99,0,normal,0.1,LOW
133.83,1.02,0,normal,0.2,LOW
146.96,1.05,0,normal,0.5,LOW
179.56,1.01,0,normal,1.49,LOW
779.74,3.33,7,critical,66.93,MEDIUM
803.19,1.05,6,warning_gas,43.24,MEDIUM
141.21,3.22,3,warning_fall,28.2,LOW
147.71,1.03,0,normal,0.3,LOW
191.85,1.06,0,normal,2.57,LOW
165.03,1.06,0,normal,1.31,LOW
149.63,4.57,3,warning_fall,41.7,MEDIUM
166.63,4.4,5,warning_fall,44.78,MEDIUM
145.32,1.02,0,normal,0.2,LOW
586.05,1.04,5,warning_gas,30.92,MEDIUM
145.58,1.07,0,normal,0.7,LOW
155.22,1.02,0,normal,0.45,LOW
182.65,0.98,0,normal,1.74,LOW
144.23,1.04,0,normal,0.4,LOW
163.07,4.31,5,warning_fall,43.72,MEDIUM
810.15,1.01,6,warning_gas,43.17,MEDIUM
133.21,0.99,0,normal,0.1,LOW
180.59,1.04,0,normal,1.84,LOW
138.01,0.99,0,normal,0.1,LOW
149.84,1.0,0,normal,0.0,LOW
172.86,1.0,0,normal,1.08,LOW
132.11,3.54,5,warning_fall,35.4,MEDIUM
124.78,0.99,0,normal,0.1,LOW
161.41,1.01,0,normal,0.64,LOW
160.85,1.05,0,normal,1.01,LOW
132.32,0.99,0,normal,0.1,LOW
177.11,0.98,0,normal,1.48,LOW
157.14,0.96,0,normal,0.74,LOW
945.5,1.04,3,warning_gas,43.84,MEDIUM
133.0,1.02,0,normal,0.2,LOW
419.42,1.1,7,warning_gas,27.68,LOW
167.05,0.98,0,normal,1.0,LOW
145.84,1.01,0,normal,0.1,LOW
172.71,1.01,0,normal,1.17,LOW
826.05,0.95,7,warning_gas,46.31,MEDIUM
133.46,0.99,0,normal,0.1,LOW
128.82,0.97,0,normal,0.3,LOW
128.45,1.01,0,normal,0.1,LOW
938.37,4.11,6,critical,80.2,CRITICAL
157.63,2.82,5,warning_fall,28.56,LOW
818.54,0.99,6,warning_gas,43.56,MEDIUM
188.19,0.99,0,normal,1.9,LOW
147.75,1.03,0,normal,0.3,LOW
147.82,1.03,0,normal,0.3,LOW
139.39,1.02,0,normal,0.2,LOW
143.86,3.51,2,warning_fall,29.1,LOW
171.17,1.0,0,normal,1.0,LOW
165.35,1.05,0,normal,1.22,LOW
135.71,0.98,0,normal,0.2,LOW
127.41,0.99,0,normal,0.1,LOW
157.68,0.99,0,normal,0.46,LOW
117.87,1.03,0,normal,0.3,LOW
145.02,1.02,0,normal,0.2,LOW
488.04,1.02,1,warning_gas,18.11,LOW
135.1,3.62,1,warning_fall,28.2,LOW
169.5,0.99,0,normal,1.02,LOW
154.71,1.07,0,normal,0.92,LOW
132.24,4.42,3,warning_fall,40.2,MEDIUM
129.84,0.97,0,normal,0.3,LOW
170.75,1.0,0,normal,0.98,LOW
162.77,0.98,0,normal,0.8,LOW
141.69,1.0,0,normal,0.0,LOW
411.52,1.03,3,warning_gas,18.61,LOW
139.72,1.05,0,normal,0.5,LOW
160.08,0.96,0,normal,0.87,LOW
135.69,1.05,0,normal,0.5,LOW
167.15,1.01,0,normal,0.91,LOW
846.47,0.97,3,warning_gas,39.08,MEDIUM
169.08,1.01,0,normal,1.0,LOW
110.25,1.02,0,normal,0.2,LOW
160.44,0.98,0,normal,0.69,LOW
164.95,1.0,0,normal,0.7,LOW
151.11,0.96,0,normal,0.45,LOW
818.62,0.97,3,warning_gas,37.76,MEDIUM
138.15,0.98,0,normal,0.2,LOW
154.9,1.03,0,normal,0.53,LOW
121.55,1.03,0,normal,0.3,LOW
823.07,0.97,3,warning_gas,37.97,MEDIUM
159.47,0.98,0,normal,0.65,LOW
454.12,1.02,2,warning_gas,18.51,LOW
171.98,1.01,0,normal,1.13,LOW
839.29,1.0,5,warning_gas,42.44,MEDIUM
171.88,1.02,0,normal,1.23,LOW
159.93,0.98,0,normal,0.67,LOW
163.64,0.98,0,normal,0.84,LOW
545.78,0.99,5,warning_gas,28.72,LOW
145.94,0.98,0,normal,0.2,LOW
179.48,4.47,4,warning_fall,44.09,MEDIUM
148.68,1.0,0,normal,0.0,LOW
156.23,1.0,0,normal,0.29,LOW
141.0,1.03,0,normal,0.3,LOW
148.46,0.96,0,normal,0.4,LOW
193.81,1.04,0,normal,2.46,LOW
173.59,1.02,0,normal,1.31,LOW
191.21,1.03,0,normal,2.24,LOW
173.36,0.94,0,normal,1.7,LOW
150.14,3.62,4,warning_fall,34.21,MEDIUM
151.94,1.01,0,normal,0.19,LOW
146.63,2.63,1,warning_fall,18.3,LOW
132.86,0.98,0,normal,0.2,LOW
130.37,0.99,0,normal,0.1,LOW
105.84,4.06,1,warning_fall,32.6,MEDIUM
137.1,1.05,0,normal,0.5,LOW
140.14,0.94,0,normal,0.6,LOW
151.37,0.97,0,normal,0.36,LOW
133.42,1.04,0,normal,0.4,LOW
162.91,1.05,0,normal,1.11,LOW
173.16,1.0,0,normal,1.09,LOW
155.2,1.0,0,normal,0.24,LOW
169.43,0.97,0,normal,1.21,LOW
156.77,1.0,0,normal,0.32,LOW
181.0,1.01,0,normal,1.56,LOW
148.75,0.97,0,normal,0.3,LOW
169.27,0.98,0,normal,1.11,LOW
137.99,0.98,0,normal,0.2,LOW
710.76,0.91,4,warning_gas,35.29,MEDIUM
125.09,1.04,0,normal,0.4,LOW
169.01,0.99,0,normal,0.99,LOW
171.0,3.47,1,warning_fall,27.69,LOW
134.93,1.06,0,normal,0.6,LOW
820.4,0.97,1,warning_gas,33.85,MEDIUM
154.55,1.0,0,normal,0.21,LOW
156.82,0.98,0,normal,0.52,LOW
181.58,0.96,0,normal,1.89,LOW
848.77,1.03,1,warning_gas,35.18,MEDIUM
211.58,0.97,0,normal,3.2,LOW
181.29,1.03,0,normal,1.77,LOW
134.42,3.39,5,warning_fall,33.9,MEDIUM
626.94,0.97,6,warning_gas,34.74,MEDIUM
136.76,1.01,0,normal,0.1,LOW
165.64,1.01,0,normal,0.84,LOW
595.46,0.99,8,warning_gas,37.06,MEDIUM
192.88,1.01,0,normal,2.12,LOW
196.29,1.03,0,normal,2.48,LOW
146.37,4.76,3,warning_fall,43.6,MEDIUM
168.52,1.0,0,normal,0.87,LOW
128.75,0.97,0,normal,0.3,LOW
801.23,3.01,4,critical,58.75,MEDIUM
778.89,1.01,5,warning_gas,39.69,MEDIUM
164.28,1.06,0,normal,1.27,LOW
153.43,0.96,0,normal,0.56,LOW
156.52,0.96,0,normal,0.71,LOW
155.15,1.04,0,normal,0.64,LOW
166.61,0.97,0,normal,1.08,LOW
133.22,1.01,0,normal,0.1,LOW
162.46,0.97,0,normal,0.89,LOW
108.65,1.0,0,normal,0.0,LOW
699.76,1.0,7,warning_gas,39.87,MEDIUM
885.58,4.41,4,critical,76.72,CRITICAL
139.11,1.01,0,normal,0.1,LOW
165.15,1.02,0,normal,0.91,LOW
138.46,1.05,0,normal,0.5,LOW
116.77,0.96,0,normal,0.4,LOW
159.62,0.98,0,normal,0.65,LOW
161.86,0.99,0,normal,0.66,LOW
168.42,3.4,2,warning_fall,28.87,LOW
158.26,1.01,0,normal,0.49,LOW
142.3,0.96,0,normal,0.4,LOW
132.72,0.98,0,normal,0.2,LOW
160.02,0.98,0,normal,0.67,LOW
122.45,4.54,5,warning_fall,45.4,MEDIUM
535.67,0.98,3,warning_gas,24.35,LOW
144.95,1.0,0,normal,0.0,LOW
595.52,0.99,3,warning_gas,27.07,LOW
562.49,0.99,1,warning_gas,21.51,LOW
139.51,1.06,0,normal,0.6,LOW
674.04,1.02,7,warning_gas,38.86,MEDIUM
151.99,0.97,0,normal,0.39,LOW
131.2,0.96,0,normal,0.4,LOW
131.84,0.99,0,normal,0.1,LOW
466.76,1.0,3,warning_gas,20.91,LOW
154.07,0.95,0,normal,0.69,LOW
112.58,0.98,0,normal,0.2,LOW
164.35,1.01,0,normal,0.78,LOW
150.25,1.03,0,normal,0.31,LOW
139.63,1.02,0,normal,0.2,LOW
146.29,1.0,0,normal,0.0,LOW
124.2,0.99,0,normal,0.1,LOW
173.26,1.03,0,normal,1.39,LOW
110.96,0.97,0,normal,0.3,LOW
160.39,1.02,0,normal,0.69,LOW
149.62,0.98,0,normal,0.2,LOW
147.86,0.98,0,normal,0.2,LOW
151.4,0.95,0,normal,0.57,LOW
154.84,0.98,0,normal,0.43,LOW
128.58,0.99,0,normal,0.1,LOW
151.95,0.99,0,normal,0.19,LOW
165.66,3.36,4,warning_fall,32.34,MEDIUM
152.58,0.96,0,normal,0.52,LOW
117.75,0.98,0,normal,0.2,LOW
156.54,0.97,0,normal,0.61,LOW
620.09,3.49,7,critical,61.02,MEDIUM
127.87,1.02,0,normal,0.2,LOW
134.06,0.96,0,normal,0.4,LOW
162.66,1.02,0,normal,0.8,LOW
141.46,1.04,0,normal,0.4,LOW
150.26,0.98,0,normal,0.21,LOW
152.13,1.0,0,normal,0.1,LOW
142.57,0.95,0,normal,0.5,LOW
154.96,0.96,0,normal,0.63,LOW
142.96,4.61,5,warning_fall,46.1,MEDIUM
186.63,1.0,0,normal,1.72,LOW
133.59,1.05,0,normal,0.5,LOW
185.31,1.0,0,normal,1.66,LOW
129.76,1.0,0,normal,0.0,LOW
101.94,4.55,2,warning_fall,39.5,MEDIUM
171.83,0.97,0,normal,1.33,LOW
134.65,0.99,0,normal,0.1,LOW
119.32,1.03,0,normal,0.3,LOW
97.61,1.02,0,normal,0.2,LOW
199.26,1.01,0,normal,2.42,LOW
141.11,1.01,0,normal,0.1,LOW
979.08,3.64,11,critical,85.42,CRITICAL
132.03,1.0,0,normal,0.0,LOW
146.77,0.99,0,normal,0.1,LOW
146.15,1.03,0,normal,0.3,LOW
152.31,1.0,0,normal,0.11,LOW
113.9,1.0,0,normal,0.0,LOW
129.3,1.07,0,normal,0.7,LOW
160.29,1.06,0,normal,1.08,LOW
135.96,1.01,0,normal,0.1,LOW
135.83,2.85,1,warning_fall,20.5,LOW
160.27,0.95,0,normal,0.98,LOW
133.49,0.96,0,normal,0.4,LOW
649.17,4.27,11,critical,76.19,CRITICAL
112.84,3.89,2,warning_fall,32.9,MEDIUM
105.82,4.25,3,warning_fall,38.5,MEDIUM
187.54,0.97,0,normal,2.07,LOW
156.67,1.03,0,normal,0.61,LOW
148.89,1.02,0,normal,0.2,LOW
142.16,0.97,0,normal,0.3,LOW
140.69,1.0,0,normal,0.0,LOW
115.74,1.0,0,normal,0.0,LOW
125.78,1.08,0,normal,0.8,LOW
143.98,1.0,0,normal,0.0,LOW
147.69,0.98,0,normal,0.2,LOW
162.57,0.97,0,normal,0.89,LOW
187.94,1.01,0,normal,1.89,LOW
146.19,1.02,0,normal,0.2,LOW
192.1,3.84,5,warning_fall,40.38,MEDIUM
130.42,0.99,0,normal,0.1,LOW
497.59,1.01,6,warning_gas,28.46,LOW
121.69,1.03,0,normal,0.3,LOW
130.7,1.01,0,normal,0.1,LOW
144.71,1.0,0,normal,0.0,LOW
123.91,0.99,0,normal,0.1,LOW
181.02,1.07,0,normal,2.16,LOW
113.8,4.34,3,warning_fall,39.4,MEDIUM
130.69,2.88,1,warning_fall,20.8,LOW
164.43,1.02,0,normal,0.88,LOW
179.07,1.01,0,normal,1.47,LOW
140.62,1.0,0,normal,0.0,LOW
146.11,2.87,1,warning_fall,20.7,LOW
831.09,0.95,6,warning_gas,44.55,MEDIUM
923.29,4.5,7,critical,85.39,CRITICAL
125.56,1.02,0,normal,0.2,LOW
139.48,1.06,0,normal,0.6,LOW
762.84,3.57,8,critical,70.54,CRITICAL
653.3,0.98,3,warning_gas,29.88,LOW
135.85,1.01,0,normal,0.1,LOW
170.13,1.02,0,normal,1.15,LOW
147.06,1.05,0,normal,0.5,LOW
138.75,1.03,0,normal,0.3,LOW
129.88,1.05,0,normal,0.5,LOW
941.57,0.95,7,warning_gas,51.75,MEDIUM
163.73,1.0,0,normal,0.65,LOW
204.4,1.04,0,normal,2.96,LOW
856.19,4.93,4,critical,80.53,CRITICAL
151.35,0.96,0,normal,0.46,LOW
149.63,1.0,0,normal,0.0,LOW
144.9,1.0,0,normal,0.0,LOW
140.66,4.0,4,warning_fall,38.0,MEDIUM
133.56,1.05,0,normal,0.5,LOW
109.22,1.01,0,normal,0.1,LOW
146.89,1.03,0,normal,0.3,LOW
442.38,1.01,4,warning_gas,21.86,LOW
171.08,1.04,0,normal,1.39,LOW
116.15,1.05,0,normal,0.5,LOW
143.45,0.96,0,normal,0.4,LOW
157.89,0.98,0,normal,0.57,LOW
157.23,0.98,0,normal,0.54,LOW
187.64,1.0,0,normal,1.77,LOW
192.66,1.0,0,normal,2.01,LOW
448.73,0.94,8,warning_gas,30.66,MEDIUM
180.05,0.99,0,normal,1.51,LOW
154.65,1.04,0,normal,0.62,LOW
166.44,0.95,0,normal,1.27,LOW
470.45,1.02,4,warning_gas,23.28,LOW
157.33,0.97,0,normal,0.64,LOW
133.06,1.02,0,normal,0.2,LOW
121.28,0.98,0,normal,0.2,LOW
109.5,0.97,0,normal,0.3,LOW
128.37,0.99,0,normal,0.1,LOW
126.63,1.03,0,normal,0.3,LOW
115.32,3.78,1,warning_fall,29.8,LOW
145.22,0.98,0,normal,0.2,LOW
708.82,1.01,1,warning_gas,28.4,LOW
140.45,1.07,0,normal,0.7,LOW
130.19,1.05,0,normal,0.5,LOW
149.31,1.01,0,normal,0.1,LOW
177.34,1.0,0,normal,1.29,LOW
162.32,1.0,0,normal,0.58,LOW
143.82,1.01,0,normal,0.1,LOW
150.72,4.09,1,warning_fall,32.93,MEDIUM
132.28,2.55,1,warning_fall,17.5,LOW
134.54,1.01,0,normal,0.1,LOW
141.2,1.0,0,normal,0.0,LOW
140.79,1.01,0,normal,0.1,LOW
145.73,1.04,0,normal,0.4,LOW
157.71,1.02,0,normal,0.56,LOW
921.58,3.21,11,critical,78.41,CRITICAL
432.2,1.01,6,warning_gas,25.38,LOW
641.67,0.99,8,warning_gas,39.24,MEDIUM
129.51,1.02,0,normal,0.2,LOW
148.22,1.0,0,normal,0.0,LOW
134.44,0.99,0,normal,0.1,LOW
149.58,1.02,0,normal,0.2,LOW
154.87,0.99,0,normal,0.33,LOW
630.74,4.41,5,critical,66.72,MEDIUM
155.94,0.98,0,normal,0.48,LOW
161.74,0.99,0,normal,0.65,LOW
840.04,0.99,8,warning_gas,48.57,MEDIUM
156.48,0.97,0,normal,0.6,LOW
146.8,1.01,0,normal,0.1,LOW
139.15,3.39,5,warning_fall,33.9,MEDIUM
117.85,0.97,0,normal,0.3,LOW
144.5,1.02,0,normal,0.2,LOW
174.76,1.01,0,normal,1.27,LOW
139.78,0.94,0,normal,0.6,LOW
151.94,1.02,0,normal,0.29,LOW
121.75,1.0,0,normal,0.0,LOW
797.14,1.04,6,warning_gas,42.85,MEDIUM
738.79,1.01,4,warning_gas,35.81,MEDIUM
646.74,0.99,7,warning_gas,37.48,MEDIUM
147.15,0.97,0,normal,0.3,LOW
142.31,0.98,0,normal,0.2,LOW
134.19,1.0,0,normal,0.0,LOW
123.44,1.05,0,normal,0.5,LOW
166.54,1.05,0,normal,1.28,LOW
143.31,0.97,0,normal,0.3,LOW
772.06,0.99,7,warning_gas,43.37,MEDIUM
180.08,0.97,0,normal,1.72,LOW
827.05,1.01,1,warning_gas,33.96,MEDIUM
164.69,3.78,3,warning_fall,34.49,MEDIUM
155.86,1.04,0,normal,0.68,LOW
161.77,1.03,0,normal,0.85,LOW
167.39,0.99,0,normal,0.92,LOW
142.97,1.04,0,normal,0.4,LOW
755.2,0.98,4,warning_gas,36.68,MEDIUM
156.28,1.0,0,normal,0.3,LOW
138.67,0.98,0,normal,0.2,LOW
133.64,1.0,0,normal,0.0,LOW
140.32,1.03,0,normal,0.3,LOW
149.52,1.01,0,normal,0.1,LOW
809.03,3.09,10,critical,71.91,CRITICAL
141.07,1.02,0,normal,0.2,LOW
156.03,0.96,0,normal,0.68,LOW
152.19,0.97,0,normal,0.4,LOW
134.52,1.0,0,normal,0.0,LOW
162.51,1.08,0,normal,1.39,LOW
138.8,1.03,0,normal,0.3,LOW
915.56,1.03,5,warning_gas,46.33,MEDIUM
743.56,1.0,7,warning_gas,41.93,MEDIUM
561.05,1.05,4,warning_gas,27.84,LOW
164.26,1.01,0,normal,0.77,LOW
962.44,4.78,7,critical,90.03,CRITICAL
130.45,1.01,0,normal,0.1,LOW
991.59,3.18,4,critical,69.4,MEDIUM
135.6,0.98,0,normal,0.2,LOW
146.39,2.57,4,warning_fall,23.7,LOW
159.48,1.01,0,normal,0.55,LOW
165.58,2.53,5,warning_fall,26.03,LOW
133.68,0.98,0,normal,0.2,LOW
129.74,1.0,0,normal,0.0,LOW
149.0,0.98,0,normal,0.2,LOW
156.87,0.98,0,normal,0.52,LOW
629.16,4.48,4,critical,65.35,MEDIUM
174.53,3.29,4,warning_fall,32.05,MEDIUM
165.11,1.04,0,normal,1.11,LOW
635.44,3.29,7,critical,59.74,MEDIUM
147.44,1.01,0,normal,0.1,LOW
125.24,1.0,0,normal,0.0,LOW
754.15,1.02,8,warning_gas,44.63,MEDIUM
127.74,3.35,1,warning_fall,25.5,LOW
171.78,0.95,0,normal,1.52,LOW
126.98,1.0,0,normal,0.0,LOW
631.06,3.54,5,critical,58.04,MEDIUM
122.4,0.96,0,normal,0.4,LOW
845.44,4.04,6,critical,75.13,CRITICAL
163.8,0.99,0,normal,0.75,LOW
163.59,1.0,0,normal,0.64,LOW
110.81,1.03,0,normal,0.3,LOW
719.83,3.55,11,critical,72.32,CRITICAL
193.06,1.03,0,normal,2.33,LOW
138.48,1.03,0,normal,0.3,LOW
800.25,3.13,11,critical,71.9,CRITICAL
117.87,2.83,3,warning_fall,24.3,LOW
763.17,0.99,6,warning_gas,40.96,MEDIUM
481.1,1.03,1,warning_gas,17.88,LOW
153.46,1.04,0,normal,0.56,LOW
158.57,3.62,4,warning_fall,34.6,MEDIUM
156.95,3.49,5,warning_fall,35.23,MEDIUM
161.26,1.02,0,normal,0.73,LOW
882.83,3.01,6,critical,66.59,MEDIUM
548.4,1.04,4,warning_gas,27.15,LOW
172.88,0.99,0,normal,1.18,LOW
917.81,4.68,9,critical,90.93,CRITICAL
173.17,1.05,0,normal,1.59,LOW
157.55,2.59,1,warning_fall,18.26,LOW
136.4,0.98,0,normal,0.2,LOW
602.37,1.03,1,warning_gas,23.59,LOW
849.91,4.33,10,critical,86.24,CRITICAL
760.89,0.96,7,warning_gas,43.15,MEDIUM
149.47,0.99,0,normal,0.1,LOW
151.29,0.98,0,normal,0.26,LOW
164.22,1.0,0,normal,0.67,LOW
133.95,0.99,0,normal,0.1,LOW
185.11,1.04,0,normal,2.05,LOW
151.35,1.03,0,normal,0.36,LOW
815.27,0.95,7,warning_gas,45.81,MEDIUM
140.81,0.94,0,normal,0.6,LOW
405.13,1.0,3,warning_gas,18.01,LOW
143.15,0.96,0,normal,0.4,LOW
165.04,1.03,0,normal,1.01,LOW
162.23,1.03,0,normal,0.88,LOW
156.93,0.98,0,normal,0.53,LOW
150.94,1.0,0,normal,0.04,LOW
165.18,3.84,5,warning_fall,39.11,MEDIUM
160.28,1.02,0,normal,0.68,LOW
153.96,0.96,0,normal,0.59,LOW
638.71,1.0,1,warning_gas,25.0,LOW
472.45,1.01,5,warning_gas,25.27,LOW
140.61,0.94,0,normal,0.6,LOW
602.57,1.03,6,warning_gas,33.6,MEDIUM
154.18,1.01,0,normal,0.3,LOW
130.29,0.98,0,normal,0.2,LOW
172.53,0.95,0,normal,1.56,LOW
170.65,1.04,0,normal,1.37,LOW
162.21,0.98,0,normal,0.77,LOW
873.75,1.02,8,warning_gas,50.26,MEDIUM
183.53,1.02,0,normal,1.78,LOW
176.91,1.01,0,normal,1.37,LOW
910.45,1.0,8,warning_gas,51.79,MEDIUM
152.14,3.28,3,warning_fall,28.9,LOW
85.17,1.01,0,normal,0.1,LOW
163.09,1.0,0,normal,0.62,LOW
156.15,1.02,0,normal,0.49,LOW
156.65,1.0,0,normal,0.31,LOW
155.01,0.98,0,normal,0.44,LOW
705.3,1.0,6,warning_gas,38.13,MEDIUM
143.28,1.0,0,normal,0.0,LOW
162.22,3.99,2,warning_fall,34.48,MEDIUM
151.73,1.01,0,normal,0.18,LOW
158.48,3.3,4,warning_fall,31.4,MEDIUM
183.74,1.02,0,normal,1.79,LOW
123.59,1.07,0,normal,0.7,LOW
125.26,1.01,0,normal,0.1,LOW
423.07,0.96,6,warning_gas,25.25,LOW
156.86,3.77,3,warning_fall,34.02,MEDIUM
532.38,0.98,7,warning_gas,32.19,MEDIUM
147.11,1.01,0,normal,0.1,LOW
135.63,1.04,0,normal,0.4,LOW
154.28,0.95,0,normal,0.7,LOW
125.72,1.01,0,normal,0.1,LOW
159.46,1.02,0,normal,0.65,LOW
121.96,0.99,0,normal,0.1,LOW
132.72,3.18,3,warning_fall,27.8,LOW
114.43,1.03,0,normal,0.3,LOW
153.69,1.01,0,normal,0.27,LOW
739.53,4.26,11,critical,80.34,CRITICAL
153.07,1.0,0,normal,0.14,LOW
179.92,1.01,0,normal,1.51,LOW
142.29,1.02,0,normal,0.2,LOW
166.99,0.98,0,normal,1.0,LOW
118.11,1.03,0,normal,0.3,LOW
178.06,1.07,0,normal,2.02,LOW
159.65,1.03,0,normal,0.75,LOW
171.66,1.0,0,normal,1.02,LOW
115.93,1.02,0,normal,0.2,LOW
140.5,0.95,0,normal,0.5,LOW
135.03,1.01,0,normal,0.1,LOW
133.35,3.75,1,warning_fall,29.5,LOW
517.43,1.0,4,warning_gas,25.29,LOW
159.6,4.72,5,warning_fall,47.65,MEDIUM
583.83,0.99,8,warning_gas,36.52,MEDIUM
152.87,2.86,4,warning_fall,26.74,LOW
139.93,0.99,0,normal,0.1,LOW
151.47,0.99,0,normal,0.17,LOW
150.1,1.06,0,normal,0.6,LOW
454.55,0.98,3,warning_gas,20.53,LOW
724.69,0.98,7,warning_gas,41.24,MEDIUM
637.64,0.98,3,warning_gas,29.15,LOW
155.37,4.24,1,warning_fall,34.65,MEDIUM
151.64,1.01,0,normal,0.18,LOW
183.38,1.0,0,normal,1.57,LOW
106.76,3.17,3,warning_fall,27.7,LOW
863.1,1.02,4,warning_gas,41.76,MEDIUM
947.98,1.06,2,warning_gas,42.15,MEDIUM
136.94,3.22,5,warning_fall,32.2,MEDIUM
181.86,1.0,0,normal,1.5,LOW
167.72,3.49,3,warning_fall,31.73,MEDIUM
423.75,0.98,3,warning_gas,19.08,LOW
156.84,1.03,0,normal,0.62,LOW
761.15,3.63,7,critical,69.06,MEDIUM
133.38,1.05,0,normal,0.5,LOW
121.4,1.05,0,normal,0.5,LOW
451.14,1.01,4,warning_gas,22.27,LOW
149.35,1.04,0,normal,0.4,LOW
129.26,1.0,0,normal,0.0,LOW
151.2,1.04,0,normal,0.46,LOW
173.19,0.98,0,normal,1.29,LOW
150.91,0.96,0,normal,0.44,LOW
203.75,3.53,2,warning_fall,31.83,MEDIUM
125.11,1.0,0,normal,0.0,LOW
108.53,1.05,0,normal,0.5,LOW
169.19,0.96,0,normal,1.3,LOW
790.57,4.82,5,critical,78.34,CRITICAL
580.51,1.04,6,warning_gas,32.66,MEDIUM
136.97,0.93,0,normal,0.7,LOW
620.82,0.98,2,warning_gas,26.36,LOW
127.79,0.98,0,normal,0.2,LOW
143.79,0.99,0,normal,0.1,LOW
145.38,0.96,0,normal,0.4,LOW
164.23,0.99,0,normal,0.77,LOW
159.04,3.0,1,warning_fall,22.43,LOW
932.32,1.05,2,warning_gas,41.32,MEDIUM
156.45,1.02,0,normal,0.5,LOW
158.88,1.02,0,normal,0.62,LOW
557.25,0.93,4,warning_gas,27.86,LOW
147.48,1.0,0,normal,0.0,LOW
146.84,0.99,0,normal,0.1,LOW
181.72,0.97,0,normal,1.79,LOW
167.45,0.95,0,normal,1.32,LOW
134.82,1.01,0,normal,0.1,LOW
140.56,1.04,0,normal,0.4,LOW
795.05,4.55,8,critical,81.86,CRITICAL
782.59,0.98,3,warning_gas,35.97,MEDIUM
119.7,1.0,0,normal,0.0,LOW
121.85,0.95,0,normal,0.5,LOW
140.26,1.0,0,normal,0.0,LOW
124.1,1.01,0,normal,0.1,LOW
859.13,3.78,9,critical,79.17,CRITICAL
152.9,3.28,4,warning_fall,30.94,MEDIUM
138.45,3.66,4,warning_fall,34.6,MEDIUM
154.48,0.99,0,normal,0.31,LOW
167.98,3.83,2,warning_fall,33.15,MEDIUM
481.89,0.96,8,warning_gas,32.02,MEDIUM
144.55,0.96,0,normal,0.4,LOW
729.02,1.04,8,warning_gas,43.65,MEDIUM
140.25,1.05,0,normal,0.5,LOW
626.4,3.27,9,critical,63.12,MEDIUM
165.42,1.01,0,normal,0.83,LOW
402.88,1.0,3,warning_gas,17.9,LOW
139.96,1.03,0,normal,0.3,LOW
160.1,1.02,0,normal,0.68,LOW
168.48,1.04,0,normal,1.27,LOW
163.13,1.02,0,normal,0.82,LOW
134.73,0.99,0,normal,0.1,LOW
125.58,1.01,0,normal,0.1,LOW
166.71,0.99,0,normal,0.89,LOW
132.21,0.99,0,normal,0.1,LOW
201.47,0.98,0,normal,2.62,LOW
195.82,3.96,4,warning_fall,39.76,MEDIUM
154.29,2.78,2,warning_fall,22.0,LOW
804.61,1.0,4,warning_gas,38.81,MEDIUM
154.13,3.3,5,warning_fall,33.19,MEDIUM
523.54,0.99,2,warning_gas,21.68,LOW
120.73,1.03,0,normal,0.3,LOW
143.48,0.97,0,normal,0.3,LOW
134.15,0.96,0,normal,0.4,LOW
887.81,1.0,1,warning_gas,36.72,MEDIUM
166.59,1.04,0,normal,1.18,LOW
142.78,1.01,0,normal,0.1,LOW
189.29,0.93,0,normal,2.55,LOW
155.09,1.01,0,normal,0.34,LOW
179.58,2.56,4,warning_fall,24.99,LOW
160.3,0.96,0,normal,0.88,LOW
123.6,1.02,0,normal,0.2,LOW
704.82,1.03,3,warning_gas,32.41,MEDIUM
177.08,0.94,0,normal,1.87,LOW
678.22,1.01,6,warning_gas,36.96,MEDIUM
949.09,0.97,1,warning_gas,39.9,MEDIUM
145.26,1.01,0,normal,0.1,LOW
145.32,0.95,0,normal,0.5,LOW
803.04,1.01,4,warning_gas,38.83,MEDIUM
144.81,1.01,0,normal,0.1,LOW
137.7,3.75,2,warning_fall,31.5,MEDIUM
155.6,1.04,0,normal,0.66,LOW
918.69,1.03,4,warning_gas,44.47,MEDIUM
161.54,1.0,0,normal,0.54,LOW
731.03,0.99,6,warning_gas,39.44,MEDIUM
159.79,0.98,0,normal,0.66,LOW
150.1,1.0,0,normal,0.0,LOW
568.08,1.03,8,warning_gas,35.97,MEDIUM
811.44,1.01,3,warning_gas,37.23,MEDIUM
145.62,0.99,0,normal,0.1,LOW
128.65,1.02,0,normal,0.2,LOW
122.03,1.0,0,normal,0.0,LOW
171.14,0.98,0,normal,1.19,LOW
149.73,1.01,0,normal,0.1,LOW
653.86,1.06,6,warning_gas,36.31,MEDIUM
684.5,1.04,4,warning_gas,33.55,MEDIUM
157.16,1.01,0,normal,0.44,LOW
131.61,1.0,0,normal,0.0,LOW
157.51,1.01,0,normal,0.45,LOW
129.71,4.08,2,warning_fall,34.8,MEDIUM
135.39,0.98,0,normal,0.2,LOW
167.63,0.97,0,normal,1.13,LOW
563.65,0.97,3,warning_gas,25.77,LOW
193.8,1.05,0,normal,2.56,LOW
155.62,0.99,0,normal,0.36,LOW
173.59,1.01,0,normal,1.21,LOW
121.85,1.04,0,normal,0.4,LOW
159.84,1.0,0,normal,0.46,LOW
159.58,1.0,0,normal,0.45,LOW
132.49,1.01,0,normal,0.1,LOW
166.27,1.03,0,normal,1.07,LOW
127.87,1.08,0,normal,0.8,LOW
103.96,1.01,0,normal,0.1,LOW
148.91,1.03,0,normal,0.3,LOW
151.99,0.99,0,normal,0.19,LOW
921.39,4.69,5,critical,83.2,CRITICAL
116.61,0.96,0,normal,0.4,LOW
833.74,1.01,5,warning_gas,42.28,MEDIUM
628.93,3.0,4,critical,50.54,MEDIUM
166.25,1.03,0,normal,1.06,LOW
615.34,1.01,3,warning_gas,28.0,LOW
115.5,1.0,0,normal,0.0,LOW
187.32,0.98,0,normal,1.96,LOW
164.77,0.94,0,normal,1.3,LOW
151.55,0.98,0,normal,0.27,LOW
133.83,1.03,0,normal,0.3,LOW
148.54,0.99,0,normal,0.1,LOW
799.29,1.03,5,warning_gas,40.85,MEDIUM
134.54,1.02,0,normal,0.2,LOW
503.41,0.99,5,warning_gas,26.73,LOW
136.46,0.97,0,normal,0.3,LOW
174.44,3.88,4,warning_fall,37.95,MEDIUM
143.57,0.96,0,normal,0.4,LOW
905.41,1.0,7,warning_gas,49.55,MEDIUM
691.67,0.98,8,warning_gas,41.69,MEDIUM
938.98,1.05,3,warning_gas,43.63,MEDIUM
136.14,0.99,0,normal,0.1,LOW
501.86,1.06,4,warning_gas,25.16,LOW
168.36,1.01,0,normal,0.96,LOW
720.33,0.98,7,warning_gas,41.04,MEDIUM
150.71,1.07,0,normal,0.73,LOW
134.14,1.03,0,normal,0.3,LOW
696.77,4.9,5,critical,74.73,CRITICAL
401.77,1.03,3,warning_gas,18.15,LOW
135.32,4.44,5,warning_fall,44.4,MEDIUM
152.61,0.96,0,normal,0.52,LOW
161.22,0.99,0,normal,0.63,LOW
165.74,0.95,0,normal,1.24,LOW
141.76,0.96,0,normal,0.4,LOW
761.06,1.01,1,warning_gas,30.86,MEDIUM
138.01,0.91,0,normal,0.9,LOW
495.76,1.04,8,warning_gas,32.67,MEDIUM
161.53,0.95,0,normal,1.04,LOW
664.54,0.97,5,warning_gas,34.51,MEDIUM
679.6,1.0,1,warning_gas,26.92,LOW
158.08,0.99,0,normal,0.48,LOW
141.84,0.96,0,normal,0.4,LOW
138.46,0.99,0,normal,0.1,LOW
147.23,1.03,0,normal,0.3,LOW
140.18,3.1,1,warning_fall,23.0,LOW
690.41,3.75,11,critical,72.93,CRITICAL
191.51,1.0,0,normal,1.95,LOW
145.61,1.01,0,normal,0.1,LOW
131.24,1.0,0,normal,0.0,LOW
166.45,1.03,0,normal,1.07,LOW
880.33,1.03,7,warning_gas,48.67,MEDIUM
150.97,0.96,0,normal,0.45,LOW
163.72,0.98,0,normal,0.85,LOW
139.39,1.05,0,normal,0.5,LOW
154.48,0.96,0,normal,0.61,LOW
169.37,1.01,0,normal,1.01,LOW
138.73,1.03,0,normal,0.3,LOW
108.64,3.34,2,warning_fall,27.4,LOW
174.02,1.01,0,normal,1.23,LOW
154.64,1.03,0,normal,0.52,LOW
749.96,0.93,2,warning_gas,32.93,MEDIUM
147.71,1.03,0,normal,0.3,LOW
111.73,1.01,0,normal,0.1,LOW
150.42,1.01,0,normal,0.12,LOW
165.14,0.98,0,normal,0.91,LOW
187.52,1.01,0,normal,1.87,LOW
150.2,0.98,0,normal,0.21,LOW
166.44,1.01,0,normal,0.87,LOW
642.11,0.97,8,warning_gas,39.46,MEDIUM
834.35,4.43,8,critical,82.5,CRITICAL
96.06,0.92,0,normal,0.8,LOW
836.81,0.97,1,warning_gas,34.62,MEDIUM
134.87,0.97,0,normal,0.3,LOW
728.6,3.87,10,critical,75.93,CRITICAL
136.99,1.0,0,normal,0.0,LOW
853.78,1.08,3,warning_gas,39.92,MEDIUM
167.32,1.0,0,normal,0.82,LOW
109.24,1.0,0,normal,0.0,LOW
154.6,3.23,4,warning_fall,30.52,MEDIUM
167.42,1.02,0,normal,1.02,LOW
145.19,1.04,0,normal,0.4,LOW
119.7,1.03,0,normal,0.3,LOW
799.55,0.99,7,warning_gas,44.67,MEDIUM
146.3,0.98,0,normal,0.2,LOW
145.02,0.99,0,normal,0.1,LOW
127.42,0.99,0,normal,0.1,LOW
155.41,0.96,0,normal,0.65,LOW
156.63,0.97,0,normal,0.61,LOW
182.9,0.98,0,normal,1.75,LOW
155.8,1.02,0,normal,0.47,LOW
168.05,2.6,1,warning_fall,18.85,LOW
865.58,0.99,7,warning_gas,47.77,MEDIUM
192.44,0.96,0,normal,2.4,LOW
145.48,0.95,0,normal,0.5,LOW
166.27,0.98,0,normal,0.97,LOW
126.04,0.99,0,normal,0.1,LOW
130.51,1.01,0,normal,0.1,LOW
153.98,0.99,0,normal,0.29,LOW
763.02,3.99,4,critical,66.75,MEDIUM
167.13,1.02,0,normal,1.01,LOW
153.01,1.01,0,normal,0.24,LOW
882.16,0.98,6,warning_gas,46.65,MEDIUM
175.55,1.01,0,normal,1.3,LOW
179.6,0.96,0,normal,1.79,LOW
139.86,1.0,0,normal,0.0,LOW
698.23,0.99,1,warning_gas,27.9,LOW
160.94,1.03,0,normal,0.81,LOW
139.06,1.02,0,normal,0.2,LOW
118.99,0.96,0,normal,0.4,LOW
139.13,0.97,0,normal,0.3,LOW
136.24,4.39,5,warning_fall,43.9,MEDIUM
145.31,1.0,0,normal,0.0,LOW
179.02,1.0,0,normal,1.37,LOW
156.58,1.01,0,normal,0.41,LOW
138.93,1.03,0,normal,0.3,LOW
149.76,0.99,0,normal,0.1,LOW
143.69,1.0,0,normal,0.0,LOW
162.28,1.04,0,normal,0.98,LOW
131.81,1.04,0,normal,0.4,LOW
198.92,1.0,0,normal,2.3,LOW
179.31,1.01,0,normal,1.48,LOW
763.75,0.97,5,warning_gas,39.18,MEDIUM
180.76,0.98,0,normal,1.65,LOW
187.72,1.01,0,normal,1.88,LOW
178.83,1.0,0,normal,1.36,LOW
151.66,4.18,5,warning_fall,41.88,MEDIUM
151.48,1.03,0,normal,0.37,LOW
143.15,1.0,0,normal,0.0,LOW
